Category,Subcategory,Item Name,Brand,Price
Bakery & Desserts,Breads,White Bread,Albany,16.99
Bakery & Desserts,Breads,Wholewheat Bread,Sasko,18.99
Bakery & Desserts,Breads,Hamburger Buns 6pk,House Brand,14.99
Bakery & Desserts,Breads,Hotdog Buns 6pck,House Brand,14.99
Bakery & Desserts,Breads,Baguette,House Brand,17.99
Bakery & Desserts,Cakes,Chocolate Cake,Pick n Pay,59.99
Bakery & Desserts,Cakes,Vanilla Sponge Cake,House Brand,49.99
Bakery & Desserts,Pastries,Croissants,House Brand,34.99
Bakery & Desserts,Pastries,Danish Pastry,House Brand,29.99
Bakery & Desserts,Muffins,Chocolate Chip Muffins 4pck,Pick n Pay,39.99
Bakery & Desserts,Muffins,Blueberry Muffins 4pck,House Brand,34.99
Bakery & Desserts,Muffins,Bran Muffins 4pck,House Brand,32.99
Bakery & Desserts,Pies and Tarts,Apple Pie,Krispy Kreme,64.99
Bakery & Desserts,Pies and Tarts,Milk Tart,House Brand,54.99
Bakery & Desserts,Pies and Tarts,Lemon Meringue Tart,House Brand,59.99
Bakery & Desserts,Pies and Tarts,Caramel Tart,House Brand,57.99
Bakery & Desserts,Doughnuts,Glazed Doughnuts,House Brand,29.99
Bakery & Desserts,Doughnuts,Assorted Doughnuts,House Brand,34.99
Bakery & Desserts,Frozen Desserts,Vanilla Ice Cream,Ola Magnum,89.99
Bakery & Desserts,Frozen Desserts,Chocolate Ice Cream,Gatti,79.99
Bakery & Desserts,Puddings,Malva Pudding,House Brand,39.99
Bakery & Desserts,Puddings,Sticky Toffee Pudding,House Brand,42.99
Snacks,Biscuits,Chocolate Chip Cookies,Bakers,34.99
Snacks,Biscuits,Shortbread,House Brand,24.99
Snacks,Biscuits,Buttermilk Rusks,Ouma Rusks,54.99
Snacks,Biscuits,Muesli Rusks,House Brand,49.99
Snacks,Chips & Crisps,Salted Potato Chips,Simba,19.99
Snacks,Chips & Crisps,Spicy Tomato Chips,Lay's,22.99
Snacks,Chips & Crisps,Cheese Curls,NikNaks,17.99
Snacks,Popcorn,Butter Popcorn,Simba,18.99
Snacks,Popcorn,Salted Microwave Popcorn,Act II,19.99
Snacks,Nuts,Salted Peanuts,Bokomo,29.99
Snacks,Nuts,Mixed Nuts,Montagu,59.99
Snacks,Dried Fruits,Dried Mango,Montagu,49.99
Snacks,Dried Fruits,Dried Apricots,Safari,39.99
Snacks,Biltong & Dried Meat,Beef Biltong,Strips & Sticks,89.99
Snacks,Biltong & Dried Meat,Droëwors,Chappy's,84.99
Snacks,Crackers,Cream Crackers,Bakers,29.99
Snacks,Crackers,Multigrain Rice Crackers,House Brand,24.99
Snacks,Pretzels,Salted Pretzels,Simba,22.99
Snacks,Chocolate Bars,Milk Chocolate,Cadbury Dairy Milk,19.99
Snacks,Chocolate Bars,Bar One,Nestlé,18.99
Snacks,Candy,Jelly Tots,Beacon,16.99
Snacks,Candy,Mint Imperials,Woolworths,24.99
Snacks,Gum,Chewing Gum (Spearmint),Stimorol,12.99
Snacks,Gum,Bubble Gum,Chappies,9.99
Snacks,Energy Bars,Peanut Butter Energy Bar,Jungle Energy,14.99
Snacks,Energy Bars,Chocolate Protein Bar,USN,24.99
Pantry & Dry Goods,Rice & Grains,White Rice,Tastic,39.99
Pantry & Dry Goods,Rice & Grains,Brown Rice,SunRice,44.99
Pantry & Dry Goods,Pasta,Spaghetti,Barilla,34.99
Pantry & Dry Goods,Pasta,Macaroni,Sasko,29.99
Pantry & Dry Goods,Lentils & Beans,Red Lentils,Ideal,39.99
Pantry & Dry Goods,Lentils & Beans,Mixed Beans,KOO,24.99
Pantry & Dry Goods,Flour,Cake Flour,Sasko,34.99
Pantry & Dry Goods,Flour,All-Purpose Flour,White Star,32.99
Pantry & Dry Goods,Baking Ingredients,Baking Powder,Royal,19.99
Pantry & Dry Goods,Baking Ingredients,Cocoa Powder,Nestlé,39.99
Pantry & Dry Goods,Sugar & Sweeteners,White Sugar,Sasko,34.99
Pantry & Dry Goods,Sugar & Sweeteners,Brown Sugar,GoldnWhite,36.99
Pantry & Dry Goods,Salt & Spices,Table Salt,Cerebos,14.99
Pantry & Dry Goods,Salt & Spices,Himalayan Pink Salt,Cape Herb & Spice,49.99
Pantry & Dry Goods,Sauces & Condiments,Tomato Sauce,All Gold,29.99
Pantry & Dry Goods,Sauces & Condiments,Mustard,French's,34.99
Pantry & Dry Goods,Sauces & Condiments,Mayonnaise,Hellmann's,54.99
Pantry & Dry Goods,Oils & Vinegar,Olive Oil,Lourensford,99.99
Pantry & Dry Goods,Oils & Vinegar,Canola Oil,Canola,69.99
Pantry & Dry Goods,Honey & Syrups,Pure Honey,Honeydale,74.99
Pantry & Dry Goods,Honey & Syrups,Maple Syrup,Canada Grade A,99.99
Pantry & Dry Goods,Cereals & Muesli,Cornflakes,Kellogg's,49.99
Pantry & Dry Goods,Cereals & Muesli,Muesli,Jungle Oats,59.99
Pantry & Dry Goods,Baking Mixes,Pancake Mix,Pargo,34.99
Pantry & Dry Goods,Baking Mixes,Brownie Mix,Sasko,39.99
Pantry & Dry Goods,Instant Foods,Instant Oats,Jungle Oats,44.99
Pantry & Dry Goods,Instant Foods,Instant Soup,Knorr,24.99
Pantry & Dry Goods,Dried Fruits,Dried Apricots,Safari,39.99
Pantry & Dry Goods,Dried Fruits,Dried Prunes,Sun-Maid,54.99
Pantry & Dry Goods,Canned Goods,Baked Beans,KOO,19.99
Pantry & Dry Goods,Canned Goods,Chick Peas in Brine,KOO,21.99
Pantry & Dry Goods,Canned Goods,Creamstyle Sweetcorn,KOO,17.99
Pantry & Dry Goods,Canned Goods,Garden Peas In Sweetened Brine,KOO,18.99
Pantry & Dry Goods,Canned Goods,Guava Halves In Syrup,KOO,24.99
Pantry & Dry Goods,Canned Goods,Baked Beans,House Brand,14.99
Pantry & Dry Goods,Canned Goods,Baked Beans,Pot 'O Gold,16.99
Pantry & Dry Goods,Canned Goods,Pilchards in Tomato Sauce,Lucky Star,39.99
Pantry & Dry Goods,Canned Goods,Lightly Shredded Tuna in Oil,Lucky Star,27.99
Pantry & Dry Goods,Canned Goods,Smoked Sardines,Lucky Star,34.99
Pantry & Dry Goods,Canned Goods,Lightly Shredded Tuna in Oil,House Brand,22.99
Pantry & Dry Goods,Canned Goods,Sweet Corn,Pot 'O Gold,16.99
Pantry & Dry Goods,Canned Goods,Baked Beans,Lucky Star,21.99
Pantry & Dry Goods,Canned Goods,Pineapple in Syrup,House Brand,19.99
Pantry & Dry Goods,Canned Goods,Peach Halves in Syrup,House Brand,18.99
Beverages & Water,Water,Still Water,Aquelle,9.99
Beverages & Water,Water,Sparkling Water,Perrier,24.99
Beverages & Water,Soft Drinks,Cola,Coca-Cola,14.99
Beverages & Water,Soft Drinks,Lemonade,Fanta,13.99
Beverages & Water,Soft Drinks,Cream Soda,Sprite,13.99
Beverages & Water,Fruit Juices,Orange Juice,Ceres,29.99
Beverages & Water,Fruit Juices,Apple Juice,LiquiFruit,27.99
Beverages & Water,Fruit Juices,Mango Juice,Tropika,24.99
Beverages & Water,Fruit Juices,Mixed Fruit Juice,Woolworths,34.99
Pantry & Dry Goods,Tea,Black Tea,Five Roses,29.99
Pantry & Dry Goods,Tea,Green Tea,Lipton,34.99
Pantry & Dry Goods,Tea,Rooibos Tea,Rooibos Limited,39.99
Pantry & Dry Goods,Coffee,Instant Coffee,Ricoffy,49.99
Pantry & Dry Goods,Coffee,Ground Coffee,Nescafé,64.99
Pantry & Dry Goods,Coffee,Espresso,Lavazza,79.99
Beverages & Water,Energy Drinks,Energy Drink,Red Bull,25
Beverages & Water,Energy Drinks,Energy Drink,Monster,30
Beverages & Water,Sports Drinks,Electrolyte Drink,Powerade,18
Beverages & Water,Sports Drinks,Isotonic Drink,Gatorade,22
Beverages & Water,Flavoured Water,Lemon-Flavoured Water,Aquelle,15
Beverages & Water,Flavoured Water,Berry-Flavoured Water,Valpre,18
Beverages & Water,Bottled Water,Mineral Water,Nestlé Pure Life,10
Beverages & Water,Bottled Water,Purified Water,AquaVita,12
Beverages & Water,Bottled Water,Spring Water,Mount Franklin,14
Alcoholic Beverages,Beers and Ciders,Beer,Castle Lager 6pck,100
Alcoholic Beverages,Beers and Ciders,Beer,Corona 6pck,150
Alcoholic Beverages,Beers and Ciders,Beer,Black Label 6pck,95
Alcoholic Beverages,Beers and Ciders,Beer,Castle Light 6pck,110
Alcoholic Beverages,Beers and Ciders,Cider,Hunters Gold,110
Alcoholic Beverages,Beers and Ciders,Cider,Savannah,115
Alcoholic Beverages,Wines,Cabernet,Nederburg,85
Alcoholic Beverages,Wines,Sauvignon,Nederburg,80
Alcoholic Beverages,Wines,Merlot,Nederburg,90
Alcoholic Beverages,Wines,Pinot,Nederburg,95
Alcoholic Beverages,Wines,Syrah,Nederburg,100
Alcoholic Beverages,Wines,Shiraz,Nederburg,100
Alcoholic Beverages,Wines,Rose,Nederburg,75
Alcoholic Beverages,Wines,Sauvignon Blanc,Nederburg,85
Alcoholic Beverages,Wines,Chardonnay,Nederburg,90
Alcoholic Beverages,Wines,Cabernet,Stellenbosch Vineyards,95
Alcoholic Beverages,Wines,Sauvignon,Stellenbosch Vineyards,90
Alcoholic Beverages,Wines,Merlot,Stellenbosch Vineyards,100
Alcoholic Beverages,Wines,Pinot,Stellenbosch Vineyards,105
Alcoholic Beverages,Wines,Syrah,Stellenbosch Vineyards,110
Alcoholic Beverages,Wines,Shiraz,Stellenbosch Vineyards,110
Alcoholic Beverages,Wines,Rose,Stellenbosch Vineyards,80
Alcoholic Beverages,Wines,Sauvignon Blanc,Stellenbosch Vineyards,90
Alcoholic Beverages,Wines,Chardonnay,Stellenbosch Vineyards,100
Alcoholic Beverages,Wines,Cabernet,Durbanville,90
Alcoholic Beverages,Wines,Sauvignon,Durbanville,85
Alcoholic Beverages,Wines,Merlot,Durbanville,95
Alcoholic Beverages,Wines,Pinot,Durbanville,100
Alcoholic Beverages,Wines,Syrah,Durbanville,105
Alcoholic Beverages,Wines,Shiraz,Durbanville,105
Alcoholic Beverages,Wines,Rose,Durbanville,75
Alcoholic Beverages,Wines,Sauvignon Blanc,Durbanville,80
Alcoholic Beverages,Wines,Chardonnay,Durbanville,85
Alcoholic Beverages,Whiskey,Whiskey,Jameson,300
Alcoholic Beverages,Whiskey,Whiskey,Johnny Walker,400
Alcoholic Beverages,Whiskey,Whiskey,Jack Daniels,350
Alcoholic Beverages,Whiskey,Whiskey,Three Ships,250
Alcoholic Beverages,Liqueur,Liqueur,Amarula,180
Deli,Hams,Polony,House Brand,40
Deli,Hams,Sandwich Ham,House Brand,50
Deli,Hams,Salami,House Brand,60
Deli,Hams,Cooked Ham,House Brand,55
Deli,Pies,Pepper Steak,House Brand,35
Deli,Pies,Chicken Mushroom,House Brand,38
Deli,Pies,Steak Curry,House Brand,37
Deli,Pies,Steak Kidney,House Brand,34
Deli,Pies,Sausage Roll,House Brand,30
Deli,Pies,Cheese Spinach,House Brand,32
Deli,Salads,Pasta Salad,House Brand,25
Deli,Cooked Foods,Roast Chicken,House Brand,100
Deli,Cooked Foods,Baked Potato,House Brand,20
Deli,Cooked Foods,Sausages,House Brand,45
Meat & Seafood,Fresh Meat,Chicken Breast,Rainbow Chicken,80
Meat & Seafood,Fresh Meat,Chicken Thighs,House Brand,65
Meat & Seafood,Fresh Meat,Pork Belly,Lynca Meats,110
Meat & Seafood,Fresh Meat,Pork Sausages,Enterprise,70
Meat & Seafood,Fresh Meat,Beef Steak,Quality Butchery,150
Meat & Seafood,Fresh Meat,Ground Beef,Aadvark Beef,90
Meat & Seafood,Fresh Meat,Lamb Chops,Karoo Lamb,140
Meat & Seafood,Fresh Meat,Beef Roast,Frigga,130
Meat & Seafood,Processed Meat,Ham,Willowton,90
Meat & Seafood,Processed Meat,Bacon,Eskort,110
Meat & Seafood,Processed Meat,Salami,Franco’s,85
Meat & Seafood,Processed Meat,Polony,Eskort,40
Meat & Seafood,Sausages & Frankfurters,Boerewors,Enterprise,50
Meat & Seafood,Sausages & Frankfurters,Frankfurters,Eskort,55
Meat & Seafood,Sausages & Frankfurters,Russian Sausages,Willowton,60
Meat & Seafood,Sausages & Frankfurters,Chorizo,Woodlands,70
Meat & Seafood,Seafood,Fresh Salmon,Sea Pride,180
Meat & Seafood,Seafood,Fresh Hake,Sea Pride,100
Meat & Seafood,Seafood,Shrimp (Prawns),Sea Pride,150
Meat & Seafood,Seafood,Mussels,Sea Pride,120
Meat & Seafood,Frozen Seafood,Frozen Fish Fillets,Cape Town Fish,130
Meat & Seafood,Frozen Seafood,Frozen Prawns,Pamona,140
Meat & Seafood,Canned Seafood,Tuna (Canned),John West,35
Meat & Seafood,Seafood Snacks,Fish Cakes,House Brand,45
Meat & Seafood,Seafood Snacks,Smoked Salmon,House Brand,100
Meat & Seafood,Game Meat,Venison,Game Meat SA,200
Meat & Seafood,Game Meat,Kudu Steaks,Game Meat SA,220
Fresh Produce,Fresh Fruits,Pink Lady,House Brand,25
Fresh Produce,Fresh Fruits,Bananas,House Brand,15
Fresh Produce,Fresh Fruits,Oranges,House Brand,20
Fresh Produce,Fresh Fruits,Mangoes,House Brand,30
Fresh Produce,Fresh Fruits,Grapes,House Brand,40
Fresh Produce,Fresh Fruits,Pears,House Brand,22
Fresh Produce,Fresh Vegetables,Potatoes,House Brand,12
Fresh Produce,Fresh Vegetables,Tomatoes,House Brand,18
Fresh Produce,Fresh Vegetables,Carrots,House Brand,15
Fresh Produce,Fresh Vegetables,Lettuce,House Brand,14
Fresh Produce,Fresh Vegetables,Spinach,House Brand,20
Fresh Produce,Fresh Vegetables,Broccoli,House Brand,25
Fresh Produce,Fresh Vegetables,Cucumbers,Pick n Pay,12
Fresh Produce,Fresh Vegetables,Avocados,House Brand,35
Fresh Produce,Fresh Herbs,Parsley,House Brand,10
Fresh Produce,Fresh Herbs,Basil,House Brand,15
Fresh Produce,Fresh Herbs,Mint,House Brand,12
Fresh Produce,Fresh Herbs,Coriander,House Brand,14
Fresh Produce,Fresh Mushrooms,White Mushrooms,House Brand,30
Fresh Produce,Fresh Mushrooms,Brown Mushrooms,House Brand,32
Fresh Produce,Fresh Mushrooms,Exotic Mushrooms,House Brand,40
Fresh Produce,Fresh Berries,Strawberries,House Brand,45
Fresh Produce,Fresh Berries,Blueberries,House Brand,50
Fresh Produce,Fresh Berries,Raspberries,House Brand,55
Fresh Produce,Fresh Citrus,Lemons,House Brand,8
Fresh Produce,Fresh Citrus,Limes,House Brand,9
Fresh Produce,Fresh Root Vegetables,Sweet Potatoes,House Brand,18
Fresh Produce,Fresh Root Vegetables,Onions,House Brand,10
Household and Outdoors,Cleaning Products,All-Purpose Cleaner,Dettol,45
Household and Outdoors,Cleaning Products,Toilet Cleaner,Domestos,35
Household and Outdoors,Cleaning Products,Dishwashing Liquid,Sunlight,30
Household and Outdoors,Cleaning Products,Glass Cleaner,Easy-Off,40
Household and Outdoors,Laundry Products,Laundry Detergent,Omo,70
Household and Outdoors,Laundry Products,Fabric Softener,Comfort,45
Household and Outdoors,Laundry Products,Stain Remover,Vanish,50
Household and Outdoors,Laundry Products,Washing Powder,Surf,60
Household and Outdoors,Air Fresheners,Air Freshener Spray,Glade,25
Household and Outdoors,Air Fresheners,Plug-in Air Freshener,Air Wick,30
Household and Outdoors,Waste Management,Garbage Bags,Binsmart,40
Household and Outdoors,Waste Management,Compostable Bags,BioBag,50
Household and Outdoors,Pest Control,Insect Repellent,Baygon,35
Household and Outdoors,Pest Control,Rat Poison,Zynod,70
Household and Outdoors,Pest Control,Mosquito Spray,Doom,25
Household and Outdoors,Home Care,Furniture Polish,Pledge,45
Household and Outdoors,Home Care,Stainless Steel Cleaner,Jif,40
Household and Outdoors,Home Care,Leather Cleaner,Furniture Clinic,55
Household and Outdoors,Lighting,Light Bulbs,Osram,20
Household and Outdoors,Lighting,LED Lights,Phillips,50
Electronics,Kitchen,Air Fryer 6L,Phillips,1200.00
Electronics,Kitchen,Air Fryer XL,Phillips,1500.00
Electronics,Kitchen,Stand Mixer,Phillips,2000.00
Electronics,Kitchen,Blender,Russel & Hobbs,800
Electronics,Kitchen,Blender,Midea,700
Electronics,Kitchen,Microwave 6L,Phillips,1500.00
Electronics,Kitchen,Microwave 6L,Phillips,2000.00
Electronics,Kitchen,Microwave 200W 6L,Russel & Hobbs,800